usd_salary,experience_level,PC1,PC2
149000.0,Senior,84163.76608350164,-949.1933862249568
120000.0,Senior,55163.76713317502,-941.1385574487321
68000.0,Senior,3163.7684751877673,-929.2816092154588
120000.0,Senior,55163.76755074963,-939.1385580734286
149000.0,Senior,84163.76712743798,-944.1933877866982
68000.0,Senior,3163.769101549672,-926.2816101525036
69000.0,Senior,4163.769289078921,-925.4903850292005
68000.0,Senior,3163.769519609196,-924.2815972605762
140000.0,Senior,75163.76815982704,-938.3142876300785
68000.0,Senior,3163.7699372225293,-922.2815992766067
35000.0,Entry,-29836.228931439065,-913.3916322453038
68000.0,Senior,3163.7709812857543,-917.2816182474936
68000.0,Senior,3163.771398759187,-915.2816016656806
68000.0,Senior,3163.7716078368994,-914.2815847073688
68000.0,Senior,3163.7720250550683,-912.2815995261246
55000.0,Senior,-9836.2272737664,-907.5673640804489
68000.0,Senior,3163.7726514829956,-909.2816035275355
68000.0,Senior,3163.772860225656,-908.2816000876443
68000.0,Senior,3163.7730685084002,-907.2816160871217
40000.0,Mid,-24836.2261203672,-900.4355680527211
36000.0,Entry,-28836.225821909396,-898.6004343799926
36000.0,Entry,-28836.225613410268,-897.6004294723176
40000.0,Mid,-24836.225285530985,-896.4355865343441
56000.0,Entry,-8836.225422799002,-898.7761745040234
130000.0,Executive,65163.77317415508,-913.2264372710151
68000.0,Senior,3163.7749480772895,-898.2816038990012
56000.0,Senior,-8836.224581396278,-894.7761588421262
56000.0,Entry,-8836.224378862493,-893.776176065765
68000.0,Senior,3163.775574503736,-895.2816076827039
104000.0,Senior,39163.77499911369,-901.7979611886371
62000.0,Mid,-2836.223677550826,-891.0289158628525
150000.0,Senior,85163.77462147945,-908.4021965883719
68000.0,Senior,3163.7766183876683,-890.2816049040391
40000.0,Mid,-24836.222362540764,-882.4355868654807
161000.0,Senior,96163.77521813016,-906.6988390097019
68000.0,Senior,3163.777661829034,-885.2816229587846
68000.0,Senior,3163.7778711655337,-884.2816112852638
68000.0,Senior,3163.7782887740013,-882.2816167907205
68000.0,Senior,3163.7784978178497,-881.2815950148632
150000.0,Senior,85163.77691813977,-897.4022000242034
40000.0,Mid,-24836.220483487046,-873.435597037973
68000.0,Senior,3163.7793326446454,-877.2816094401581
68000.0,Senior,3163.779750233635,-875.2816125059632
40000.0,Mid,-24836.21902191194,-866.4355958436181
68000.0,Senior,3163.780585400454,-871.2816153192824
68000.0,Senior,3163.7807936926874,-870.2816255414847
40000.0,Mid,-24836.218395628555,-863.435599101575
56000.0,Senior,-8836.218526544104,-865.7761667940318
68000.0,Senior,3163.781420840071,-867.2815993877393
74000.0,Entry,9163.781492461445,-867.5343664123295
40000.0,Mid,-24836.217560400833,-859.4355980157819
68000.0,Senior,3163.7820468568334,-864.2816149265212
56000.0,Senior,-8836.217483401528,-860.7761731046617
36000.0,Entry,-28836.21684358766,-855.6004384609856
68000.0,Senior,3163.7828838489277,-860.281598273447
68000.0,Senior,3163.783090848072,-859.2816190429921
40000.0,Mid,-24836.2158902752,-851.4355939180379
68000.0,Senior,3163.784134787131,-854.2816199629654
40000.0,Mid,-24836.21505505635,-847.435599540544
40000.0,Mid,-24836.214846242143,-846.435601750307
68000.0,Senior,3163.7847611381408,-851.2816193360454
40000.0,Mid,-24836.214428630436,-844.4356067115345
36000.0,Entry,-28836.21412982051,-842.6004518714981
42220.8,Senior,-28836.213914703883,-841.6004297730676
40000.0,Mid,-24836.213802276594,-841.435605904901
40000.0,Mid,-24836.213593512024,-840.4356083302905
120000.0,Senior,55163.785088463526,-855.1385764184628
40000.0,Mid,-24836.212967171625,-837.4356092774312
68000.0,Senior,3163.7866401481638,-842.2816230485579
68000.0,Senior,3163.787057781253,-840.2816248891684
110000.0,Senior,45163.78635093362,-848.0507096176266
68000.0,Senior,3163.7874748863355,-838.2816355366307
68000.0,Senior,3163.7876841687053,-837.281625869793
68000.0,Senior,3163.787892406808,-836.2816382638518
68000.0,Senior,3163.7881011941095,-835.2816385762001
81000.0,Senior,16163.78802783324,-836.9958583024367
36000.0,Entry,-28836.21078875443,-826.6004468681042
36000.0,Entry,-28836.21057999039,-825.6004486376517
68000.0,Senior,3163.7891456328857,-830.281623557709
68000.0,Senior,3163.789354472221,-829.2816310634852
40000.0,Mid,-24836.20983533467,-822.435612967737
152000.0,Senior,87163.78794002971,-844.8197673749364
40000.0,Mid,-24836.20941750333,-820.4356037353372
68000.0,Senior,3163.790189613493,-825.2816292878906
51000.0,Mid,-13836.209031291915,-819.7322724596503
40000.0,Mid,-24836.208372885925,-815.435604078288
95000.0,Senior,30163.790644824217,-825.9188953832571
68000.0,Senior,3163.7914417909333,-819.2816435737732
40000.0,Mid,-24836.20753863039,-811.4356114677678
68000.0,Senior,3163.792068604014,-816.2816212731861
36000.0,Entry,-28836.207030583,-808.6004524536687
135000.0,Mid,70163.79101588929,-828.2704398942908
36000.0,Entry,-28836.20640424436,-805.6004519278055
68000.0,Senior,3163.793114426702,-811.2816135785142
58640.0,Mid,-14836.206086864704,-805.5235062011741
68000.0,Senior,3163.7939477877503,-807.2816351790669
68000.0,Senior,3163.794365367457,-805.2816353929967
68000.0,Senior,3163.7949917242577,-802.2816367306126
40000.0,Mid,-24836.204198083324,-795.435613304788
68000.0,Senior,3163.7954092988607,-800.2816373512309
68000.0,Senior,3163.7956182254156,-799.2816330086466
120000.0,Mid,55163.79468365728,-809.1386305096606
68000.0,Senior,3163.7964536543705,-795.2816430907835
120000.0,Entry,55163.79573069092,-804.1386183804855
68000.0,Senior,3163.797288166856,-791.2816283063506
68000.0,Senior,3163.7974966226766,-790.2816526318742
40000.0,Mid,-24836.201692583527,-783.4356200108801
68000.0,Senior,3163.79791469955,-788.2816366763382
56000.0,Entry,-8836.20162083347,-784.7762091114014
68000.0,Senior,3163.7983326114922,-786.2816246879526
196000.0,Senior,131163.79575027936,-812.0064567787823
68000.0,Senior,3163.7987498031753,-784.28164684932
125000.0,Senior,60163.79771628331,-795.1825297533297
36000.0,Entry,-28836.200140602057,-775.6004626938699
68000.0,Senior,3163.7993762399756,-781.2816413609881
68000.0,Senior,3163.799585044889,-780.2816435574131
40000.0,Mid,-24836.199605219525,-773.435636914271
40000.0,Mid,-24836.199395781856,-772.4356425104745
68000.0,Senior,3163.800211440659,-777.2816495872931
36000.0,Entry,-28836.198887875693,-769.6004661244286
68000.0,Senior,3163.8006294004003,-775.2816493377496
68000.0,Senior,3163.8008377687,-774.2816454192682
68000.0,Senior,3163.801046244172,-773.2816256024028
68000.0,Senior,3163.8012553484064,-772.2816488673392
40000.0,Mid,-24836.197934485917,-765.4356317665098
68000.0,Senior,3163.8016728001135,-770.2816395375628
68000.0,Senior,3163.801881681947,-769.281648540168
68000.0,Senior,3163.802090492509,-768.2816472811231
68000.0,Senior,3163.802299449968,-767.2816413173218
40000.0,Mid,-24836.19689026524,-760.4356224762358
68000.0,Senior,3163.8027169368065,-765.2816486681584
36000.0,Entry,-28836.196382234662,-757.6004620250654
68000.0,Senior,3163.803134427535,-763.2816495958064
68000.0,Senior,3163.8033433174887,-762.2816666614821
40000.0,Mid,-24836.1958465606,-755.4356345105344
68000.0,Senior,3163.8037607292076,-760.2816539763168
36000.0,Entry,-28836.195129634234,-751.6004697528502
68000.0,Senior,3163.8043871995956,-757.2816502944999
40000.0,Mid,-24836.194593900793,-749.4356301506791
51000.0,Mid,-13836.194625014487,-750.7322989019132
68000.0,Senior,3163.8052222936876,-753.2816499461801
40000.0,Mid,-24836.193967511994,-746.4356329851383
68000.0,Senior,3163.8056398791855,-751.2816539293211
56000.0,Senior,-8836.193889608767,-747.7762013558159
70000.0,Senior,5163.806014679454,-749.6992209717611
120000.0,Senior,55163.80513214342,-759.1386082113712
68000.0,Senior,3163.806475195998,-747.2816475642879
40000.0,Mid,-24836.192714886205,-740.4356327654262
51000.0,Mid,-13836.192746376864,-741.7323114143962
42220.8,Senior,-28836.19220082453,-737.6004622572922
51000.0,Mid,-13836.192328286545,-739.7322969173642
40000.0,Mid,-24836.19187943899,-736.4356537550142
68000.0,Senior,3163.807727749649,-741.2816556594696
68000.0,Senior,3163.8079365395033,-740.2816574365236
129000.0,Senior,64163.80681661604,-752.0176812218856
51000.0,Mid,-13836.191284464458,-734.7322978484459
68000.0,Senior,3163.808563069013,-737.2816506877713
120000.0,Senior,55163.80784638099,-746.1386316198574
40000.0,Mid,-24836.190209790944,-728.4356509699454
40000.0,Mid,-24836.190000649804,-727.4356326492291
68000.0,Senior,3163.809606833882,-732.2816590277849
68000.0,Senior,3163.809815620112,-731.2816572713459
68000.0,Senior,3163.810233166338,-729.2816565496919
115000.0,Mid,50163.80961670356,-737.0946958740847
120000.0,Senior,55163.8097254667,-737.1386344309923
68000.0,Senior,3163.811068346474,-725.2816606244158
68000.0,Senior,3163.8112772349455,-724.281678530718
40000.0,Mid,-24836.187913076497,-717.4356523032525
36000.0,Entry,-28836.187613387225,-715.6004829959661
56000.0,Senior,-8836.18762589765,-717.77621121807
68000.0,Senior,3163.812321072835,-719.2816639958382
68000.0,Senior,3163.812738603339,-717.2816577379472
68000.0,Senior,3163.812947722598,-716.2816465523347
68000.0,Senior,3163.8131561618097,-715.2816643003791
68000.0,Senior,3163.8133650022137,-714.2816643356539
90000.0,Mid,25163.81308470343,-717.875028285802
68000.0,Senior,3163.813782579911,-712.2816647608773
68000.0,Senior,3163.8139913048262,-711.2816684446747
68000.0,Senior,3163.814200128968,-710.2816665634642
40000.0,Mid,-24836.18498958179,-703.4356464240067
36000.0,Entry,-28836.18469109917,-701.6004906925868
36000.0,Entry,-28836.18448157207,-700.6004883585715
68022.40000000001,Mid,-6836.184755632522,-704.1938467628584
62000.0,Mid,-2836.1844257604357,-703.0289657973984
68000.0,Senior,3163.8160794118676,-701.2816619323104
132000.0,Senior,67163.81510117617,-712.6440598929893
56000.0,Entry,-8836.18303868094,-695.7762412779563
68000.0,Senior,3163.8171226290183,-696.2816819926156
36000.0,Entry,-28836.18197616007,-688.6004865768174
68000.0,Senior,3163.8175402036213,-694.2816826173122
40000.0,Mid,-24836.181649054895,-687.4356561195822
68000.0,Senior,3163.8179587464256,-692.2816752626595
51000.0,Mid,-13836.18147133826,-687.7323159877926
36000.0,Entry,-28836.18093263957,-683.6005015348796
68000.0,Senior,3163.8185847231916,-689.2816770739446
68000.0,Senior,3163.8187929274304,-688.281684491402
68000.0,Senior,3163.8190022088033,-687.2816730120397
68000.0,Senior,3163.8192113416435,-686.2816559227839
68000.0,Senior,3163.819419289335,-685.2816854284468
40000.0,Mid,-24836.17976989926,-678.4356541817351
68000.0,Senior,3163.8198368639387,-683.2816860531435
68000.0,Senior,3163.820046154448,-682.2816756761752
68000.0,Senior,3163.8202549607117,-681.2816756215652
68000.0,Senior,3163.820463729051,-680.2816763008718
120000.0,Senior,55163.819538415475,-690.1386311826388
40000.0,Mid,-24836.178517175445,-672.4356560435898
68000.0,Senior,3163.8210901369457,-677.2816755192541
68000.0,Senior,3163.8212988317377,-676.2816805829376
56000.0,Senior,-8836.178230699375,-672.7762212937791
68000.0,Senior,3163.821716495888,-674.2816763634652
68000.0,Senior,3163.8219252887034,-673.2816782924893
56000.0,Senior,-8836.17760419925,-669.7762255599283
36000.0,Entry,-28836.176965680843,-664.6005074694975
36000.0,Entry,-28836.17675689354,-663.600507781846
120000.0,Senior,55163.82162709277,-680.1386272336364
68000.0,Senior,3163.82296932383,-668.2816960222234
68000.0,Senior,3163.823178108487,-667.2816769866135
68000.0,Senior,3163.823386579545,-666.2816673498894
63000.0,Senior,-1836.1760867887763,-663.2377298471852
68000.0,Senior,3163.824013161719,-663.2816797785102
145000.0,Senior,80163.82254264709,-678.3583260083009
68000.0,Senior,3163.8244307702,-661.2816786388445
40000.0,Mid,-24836.174758130383,-654.4356543663662
51000.0,Mid,-13836.174790337453,-655.7323142631759
40000.0,Mid,-24836.174341602185,-652.4356560753524
56000.0,Senior,-8836.174472497838,-654.7762233271594
40000.0,Mid,-24836.173923854818,-650.4356628703907
129000.0,Senior,64163.824354749355,-668.017707459144
120000.0,Mid,55163.824957816,-664.1386758001659
36000.0,Entry,-28836.172789338572,-644.6005211028436
68000.0,Senior,3163.8267273940864,-650.2816838976007
68000.0,Senior,3163.827145107943,-648.2816801732415
40000.0,Mid,-24836.17204464535,-641.4356834281039
40000.0,Mid,-24836.171836003457,-640.4356670236963
63000.0,Senior,-1836.1721198300472,-644.2377357818027
68000.0,Senior,3163.8281887552857,-643.281693314041
40000.0,Mid,-24836.170583275605,-634.4356662571366
122000.0,Senior,57163.82784628148,-650.5562191099234
42220.8,Senior,-28836.169860583268,-630.6004956785616
40000.0,Mid,-24836.169748150067,-630.4356727173639
120000.0,Senior,55163.82872518012,-646.1386390722698
40000.0,Mid,-24836.169121760333,-627.4356700885801
40000.0,Mid,-24836.16891299964,-626.4356695487755
68000.0,Senior,3163.830694353886,-631.2816912341941
40000.0,Mid,-24836.168495384976,-624.4356709384281
56000.0,Senior,-8836.168626689801,-626.7762311949117
40000.0,Mid,-24836.16786954968,-621.4356843912149
68000.0,Senior,3163.8319488647826,-625.2816716753005
40000.0,Mid,-24836.167242661166,-618.435672800283
40000.0,Mid,-24836.16703387387,-617.4356731105922
36000.0,Entry,-28836.16673468706,-615.6005093782442
40000.0,Mid,-24836.1666163119,-615.4356744346662
68000.0,Senior,3163.8334082995643,-618.28168860747
68000.0,Senior,3163.833617415631,-617.2816900874783
107000.0,Senior,42163.83318455,-623.4244066003514
68000.0,Senior,3163.8342440273523,-614.2816784118623
68000.0,Senior,3163.83445252128,-613.2816949334269
68000.0,Senior,3163.8348700679167,-611.2816934067928
68000.0,Senior,3163.8350788509206,-610.2816970239315
40000.0,Mid,-24836.16390204218,-602.4356744542594
40000.0,Mid,-24836.163693298688,-601.4356790747735
36000.0,Entry,-28836.163394060248,-599.6005182862691
30000.0,Mid,-34836.163057619786,-597.347798515072
40000.0,Mid,-24836.16306691514,-598.4356790064656
68000.0,Senior,3163.8365400854286,-603.2816787016156
68000.0,Senior,3163.836957974412,-601.2816982203573
68000.0,Senior,3163.837166756332,-600.2816995662607
68000.0,Senior,3163.837375546463,-599.2816997233665
56000.0,Senior,-8836.162154033062,-595.7762384586389
68000.0,Senior,3163.838210695669,-595.281700964603
68000.0,Senior,3163.8384194509717,-594.2816972902694
40000.0,Mid,-24836.160770781426,-587.4356950110575
36000.0,Entry,-28836.160470698538,-585.6005050542241
81000.0,Senior,16163.838763147503,-593.9959342030764
68000.0,Senior,3163.8392545583656,-590.2816996852702
40000.0,Mid,-24836.15993508143,-583.435679176913
36000.0,Entry,-28836.159427835682,-580.6005284867329
68000.0,Senior,3163.840298525246,-585.2817066943666
62000.0,Mid,-2836.15937109006,-583.0290088449364
68000.0,Senior,3163.840716145839,-583.2817026354314
68000.0,Senior,3163.841133819061,-581.2817231965266
40000.0,Mid,-24836.158056022865,-574.435684841863
68000.0,Senior,3163.841551393664,-579.2817238212232
68000.0,Senior,3163.841760370207,-578.2816896564016
40000.0,Mid,-24836.15722084328,-570.4356861245857
129000.0,Senior,64163.84105773347,-588.0177324470089
184000.0,Senior,119163.84006613698,-598.5010711785137
40000.0,Mid,-24836.156594538374,-567.4356891492715
40000.0,Mid,-24836.156385528746,-566.4356830718085
62000.0,Mid,-2836.1566573627647,-570.0289920838691
68000.0,Senior,3163.8434303591134,-570.281707230262
68000.0,Senior,3163.843639266678,-569.281726944706
68000.0,Senior,3163.8438477559703,-568.2817075168593
104000.0,Senior,39163.84327256128,-574.7980633265348
68000.0,Senior,3163.844265628584,-566.2817278817512
56000.0,Senior,-8836.15526409822,-562.7762661714468
36000.0,Entry,-28836.154624970328,-557.6005303412609
130000.0,Senior,65163.84354061367,-576.2265428384139
40000.0,Mid,-24836.154297888534,-556.4356914131573
40000.0,Mid,-24836.154089131094,-555.4356973495594
68000.0,Senior,3163.8455182338594,-560.281713954518
68000.0,Senior,3163.8457269207324,-559.2817054430566
40000.0,Mid,-24836.1534627193,-552.4356923557858
68000.0,Senior,3163.8461446182305,-557.2817160222261
62000.0,Mid,-2836.153525045618,-555.0290175906891
68000.0,Senior,3163.846562187307,-555.281710162154
68000.0,Senior,3163.846979765956,-553.2817143458801
56000.0,Senior,-8836.152340926512,-548.7762599057847
87000.0,Mid,22163.847182500514,-554.2487141807393
40000.0,Mid,-24836.151584086034,-543.4357066518588
68000.0,Senior,3163.848023606332,-548.2817205635215
68000.0,Senior,3163.848232231835,-547.2817162073819
56000.0,Senior,-8836.151297006943,-543.7762668216319
68000.0,Senior,3163.848650161915,-545.281734441066
68000.0,Senior,3163.8488587067627,-544.2816900091483
68000.0,Senior,3163.849067531547,-543.2817071435585
40000.0,Mid,-24836.149913315145,-535.4356985559411
38000.0,Mid,-26836.149661194257,-534.0181039751648
38000.0,Mid,-26836.14945264432,-533.0181366269059
68000.0,Senior,3163.8501114878222,-538.2817180024447
68000.0,Senior,3163.8503200473283,-537.2816993166042
68000.0,Senior,3163.8507380349306,-535.281737564549
68000.0,Senior,3163.85094850922,-534.2817000989969
68000.0,Senior,3163.851572993287,-531.2817196251267
68000.0,Senior,3163.8517813210697,-530.2817338424353
36000.0,Entry,-28836.14689984017,-520.6005418226987
68000.0,Senior,3163.8528258504643,-525.2817233182444
68000.0,Senior,3163.853034597699,-524.2817234039812
196000.0,Senior,131163.85066133962,-549.0065389263884
38000.0,Mid,-26836.145693967926,-515.0181308162755
184000.0,Senior,119163.85134065126,-544.5010880453227
38000.0,Mid,-26836.145276373292,-513.01813013093
68000.0,Senior,3163.854496087825,-517.2817273854955
196000.0,Senior,131163.85191313457,-543.006541594988
68000.0,Senior,3163.854913684894,-515.2817259740074
68000.0,Senior,3163.8551224504167,-514.2817272516276
38000.0,Mid,-26836.144023739293,-507.01813710141397
68000.0,Senior,3163.855540892744,-512.2817197473499
68000.0,Senior,3163.855748828996,-511.28172703056947
56000.0,Senior,-8836.143780656408,-507.7762758300071
38000.0,Mid,-26836.143188590093,-503.0181383508067
127000.0,Senior,62163.855088736345,-520.6002026380806
56000.0,Senior,-8836.143154289399,-504.7762774859917
38000.0,Mid,-26836.142562160017,-500.01813196266943
56000.0,Senior,-8836.142736776244,-502.7762751461247
68000.0,Senior,3163.85721031456,-504.2817277337682
38000.0,Mid,-26836.141935822052,-497.0181381017594
68000.0,Senior,3163.85804539129,-500.2817199752521
68000.0,Senior,3163.8582560647724,-499.2817110311873
38000.0,Mid,-26836.14047428539,-490.0181384944752
68000.0,Senior,3163.859715238526,-492.28174571167057
184000.0,Senior,119163.85739548302,-515.5010971034229
129000.0,Senior,64163.85880465411,-503.0177589966148
68000.0,Senior,3163.86034207985,-489.2817368790302
42220.8,Senior,-28836.138751275343,-481.60054221845934
68000.0,Senior,3163.860759825402,-487.2817525572673
36000.0,Entry,-28836.138339584068,-479.6005557680662
129000.0,Senior,64163.86005562632,-497.0177813884764
185000.0,Senior,120163.85904303221,-507.70988795022305
68000.0,Senior,3163.861803660739,-482.2817360295343
56000.0,Senior,-8836.137517106743,-477.77628245524255
68000.0,Senior,3163.8624318108023,-479.28171727815345
36000.0,Entry,-28836.136669231757,-471.6005556588524
68000.0,Senior,3163.8628475983187,-477.2817361445153
56000.0,Senior,-8836.136681957538,-473.77628370463566
68000.0,Senior,3163.8632646226515,-475.28175102159173
135000.0,Senior,70163.86222143569,-487.2705097580162
38000.0,Mid,-26836.13546340763,-466.0181495282357
93000.0,Senior,28163.863972757168,-474.5014092922995
38000.0,Mid,-26836.134628220912,-462.0181459566951
36000.0,Entry,-28836.134372602082,-460.6005604412461
129000.0,Senior,64163.86402296749,-478.0177913200186
68000.0,Senior,3163.8657700702706,-463.28175476977145
46000.0,Senior,-18836.133540959785,-457.6884033083801
36000.0,Entry,-28836.133120001377,-454.60055313305105
68000.0,Senior,3163.8663971206265,-460.2817388947238
38000.0,Mid,-26836.132749660195,-453.0181616147704
68000.0,Senior,3163.867023343277,-457.28174378726266
68000.0,Senior,3163.8672321024796,-456.2817447589746
38000.0,Mid,-26836.131913860623,-449.0181681480188
56000.0,Senior,-8836.132088661643,-451.77628343679515
156000.0,Senior,91163.86594087609,-471.6550364414679
68000.0,Senior,3163.8680671872753,-452.2817505489588
68000.0,Senior,3163.8682760681577,-451.2817474568898
38000.0,Mid,-26836.130870151,-444.0181501659533
129000.0,Senior,64163.86736493346,-462.01777180289565
134000.0,Senior,69163.86746291767,-462.0617305295947
172000.0,Senior,107163.86767976648,-464.9956415726345
38000.0,Mid,-26836.129199823274,-436.0181508174572
46000.0,Senior,-18836.129156426457,-436.6884098676947
38000.0,Mid,-26836.12857345155,-433.01815922026947
51000.0,Mid,-13836.128648343822,-434.73238329215235
68000.0,Senior,3163.8714075647804,-436.28173086378314
38000.0,Mid,-26836.12773825758,-429.01815411297986
62000.0,Senior,-2836.1276280134957,-431.0285696905309
51000.0,Mid,-13836.127188531666,-427.73194047588646
62000.0,Senior,-2836.127001750818,-428.0285687108278
51000.0,Mid,-13836.126562169764,-424.7319414068138
63000.0,Senior,-1836.1263969950937,-425.23737738408994
48000.0,Entry,-16836.125867165687,-421.10556888607704
63000.0,Senior,-1836.1257707398731,-422.2373600668805
63000.0,Senior,-1836.1255619131937,-421.2373662445189
63000.0,Senior,-1836.1251443713834,-419.23735972194476
63000.0,Senior,-1836.1249356311434,-418.2373635973563
51000.0,Mid,-13836.124474479873,-414.73194299693114
45000.0,Mid,-19836.124134645765,-412.4792190647785
76000.0,Senior,11163.875824949826,-415.95158073926973
51000.0,Mid,-13836.123430360238,-409.7319460614508
140000.0,Senior,75163.87505702245,-426.3139914533905
30000.0,Entry,-34836.122343283794,-402.3474092430264
63000.0,Senior,-1836.122847421727,-408.23734821684144
30000.0,Entry,-34836.12192519063,-400.34739689502493
30000.0,Entry,-34836.12171648668,-399.34740253352334
62000.0,Senior,-2836.122199587755,-405.0285748136385
51000.0,Mid,-13836.121760359949,-401.7319291744058
81000.0,Senior,16163.878012484274,-405.99554227990404
30000.0,Entry,-34836.12046322986,-393.34740407481195
110000.0,Senior,45163.878006335544,-409.05038455475767
30000.0,Entry,-34836.12004610492,-391.3473996878071
63000.0,Senior,-1836.120342813718,-396.2373811583357
51000.0,Mid,-13836.119881006502,-392.7319514333146
44566.4,Senior,-26836.1193795733,-389.01769041868613
46000.0,Executive,-18836.119142232954,-388.6879984898196
60880.5,Mid,-19836.118915333813,-387.4792417876834
63000.0,Senior,-1836.1186715471058,-388.23737567777306
123000.0,Senior,58163.88022842666,-399.7646123049684
63000.0,Senior,-1836.1178368142175,-384.23737078549465
63000.0,Senior,-1836.1174192463327,-382.23737252158435
63000.0,Senior,-1836.1172104605114,-381.2373722430547
62000.0,Senior,-2836.116979981991,-380.0285842704766
141000.0,Executive,76163.88170901293,-394.5228110864747
63000.0,Senior,-1836.1161670676884,-376.237387405302
63000.0,Senior,-1836.1157492335399,-374.23737134050316
81000.0,Senior,16163.884693677923,-373.9955522750501
51000.0,Mid,-13836.114452506275,-366.73195940474346
30000.0,Entry,-34836.113573728144,-360.3474085907917
63000.0,Senior,-1836.1138698666498,-365.23737857521996
100000.0,Senior,35163.885532267814,-371.96252351054966
127000.0,Senior,62163.885152076225,-376.5997703032488
104000.0,Senior,39163.885863267824,-370.79767094656694
63000.0,Senior,-1836.1130347144815,-361.23737888562204
51000.0,Mid,-13836.112364677228,-356.73196183588817
225000.0,Senior,160163.884267352,-391.0609788820139
30000.0,Entry,-34836.11127711167,-349.3474109706052
63000.0,Senior,-1836.1111556272874,-352.23738183085834
63000.0,Senior,-1836.1109467347821,-351.2374004978651
63000.0,Senior,-1836.1107380556462,-350.23738356175886
51000.0,Mid,-13836.109859721126,-344.73197931765236
51000.0,Mid,-13836.10965039834,-343.73196654185347
63000.0,Senior,-1836.1096941191388,-345.2373851235006
63000.0,Senior,-1836.1090677542718,-342.2373849339498
51000.0,Mid,-13836.108606537799,-338.73196728678204
104000.0,Senior,39163.89045734446,-348.7976588004847
63000.0,Senior,-1836.1084414035276,-339.23738602542596
60880.5,Mid,-19836.10784907619,-334.4792452351288
30000.0,Entry,-34836.10689251837,-328.3474194651827
63000.0,Senior,-1836.1071886685584,-333.237387726732
30000.0,Entry,-34836.106057353165,-324.3474214089598
63000.0,Senior,-1836.106144774008,-328.2373917087044
51000.0,Mid,-13836.10568346193,-324.73197313607363
51000.0,Mid,-13836.105265865008,-322.7319730583454
51000.0,Mid,-13836.104848290406,-320.7319736789636
63000.0,Senior,-1836.104892008242,-322.23739114013244
63000.0,Senior,-1836.1046832209404,-321.2373914504416
63000.0,Senior,-1836.1044746473235,-320.2373808836322
63000.0,Senior,-1836.1042654954165,-319.23737096876835
63000.0,Senior,-1836.1040569590684,-318.23739069462255
51000.0,Mid,-13836.103386723498,-313.73197679335476
63000.0,Senior,-1836.1034310422956,-315.2374064585492
63000.0,Senior,-1836.1028041954714,-312.23739387896995
30000.0,Entry,-34836.101881775874,-304.3474253968216
30000.0,Entry,-34836.10146406318,-302.3474266738828
63000.0,Senior,-1836.1015514508226,-306.2373993007725
51000.0,Mid,-13836.10088186716,-301.73199274862986
63000.0,Senior,-1836.1009250914701,-303.2373995174123
63000.0,Senior,-1836.1007162666542,-302.2373982531637
76000.0,Senior,11163.89941774192,-302.95163644109965
63000.0,Senior,-1836.100089901788,-299.2373985978779
119000.0,Senior,54163.898897495405,-309.92950670942963
63000.0,Senior,-1836.0994635574966,-296.2373983645595
63000.0,Senior,-1836.0992546646742,-295.2374009330919
30000.0,Entry,-34836.098332298985,-287.34743033620066
63000.0,Senior,-1836.0988370900714,-293.23740155778853
63000.0,Senior,-1836.0986289343614,-292.2374136425603
63000.0,Senior,-1836.0984196018949,-291.23740075971557
63000.0,Senior,-1836.0982108378532,-290.2374028147482
51000.0,Mid,-13836.09775005764,-286.73199743385453
63000.0,Senior,-1836.0977934327964,-288.23740043561406
51000.0,Mid,-13836.097123341895,-283.7319797378347
46000.0,Executive,-18836.096801990614,-281.68803331918207
63000.0,Senior,-1836.0967493161245,-283.23740486531443
63000.0,Senior,-1836.0965405136292,-282.237405045752
100000.0,Mid,35163.903269716095,-286.9625810894141
30000.0,Entry,-34836.09457408735,-269.34744192263577
95000.0,Senior,30163.905059033932,-277.91860449988707
63000.0,Senior,-1836.0938270604672,-269.23741350402383
30000.0,Entry,-34836.09290375573,-261.34744002799437
51000.0,Mid,-13836.092947949704,-263.73200461786575
81000.0,Senior,16163.906825131882,-267.9955853839712
51000.0,Mid,-13836.092321156395,-260.7319862136331
63000.0,Senior,-1836.0923648212447,-262.23741122129906
30000.0,Entry,-34836.09144224461,-254.34744220015847
51000.0,Mid,-13836.091694640138,-257.73199451568223
63000.0,Senior,-1836.0909032539364,-255.2374141383865
63000.0,Senior,-1836.090694471739,-254.23741224115372
30000.0,Entry,-34836.0897719743,-246.34744509933293
51000.0,Mid,-13836.089815557121,-248.73200219798176
63000.0,Senior,-1836.08944174793,-248.2374141030085
152000.0,Senior,87163.90966112351,-261.81949337497883
41000.0,Executive,-23836.087714772486,-237.64409101782465
63000.0,Senior,-1836.0875626852117,-239.23741914074628
51000.0,Mid,-13836.08626626159,-231.73200002143417
51000.0,Mid,-13836.086057731389,-230.7319825859675
40000.0,Mid,-24836.085607855606,-227.43533164007192
125000.0,Senior,60163.91317305392,-242.18223185988953
63000.0,Senior,-1836.0848484272972,-226.2374209298094
55000.0,Senior,-9836.084256360171,-222.56712146661138
51000.0,Mid,-13836.083969541716,-220.7320038524501
30000.0,Entry,-34836.08329953986,-215.3474543022147
63000.0,Senior,-1836.0835958473551,-220.23742037925058
51000.0,Mid,-13836.083134892404,-216.73201719571216
51000.0,Mid,-13836.08292569662,-215.7320109691179
94000.0,Senior,29163.91635460975,-223.7098587424256
30000.0,Entry,-34836.0820468865,-209.34745982490253
30000.0,Entry,-34836.08162926847,-207.34745839332902
30000.0,Entry,-34836.081002907646,-204.347458217962
51000.0,Mid,-13836.081255369298,-207.73200837578705
70000.0,Senior,5163.918548571363,-210.69892375251723
140000.0,Senior,75163.91743934686,-223.3140581608284
51000.0,Mid,-13836.080211467493,-202.7320069332926
63000.0,Senior,-1836.080046864527,-203.23744144156024
30000.0,Entry,-34836.07912381534,-195.34746179037518
63000.0,Senior,-1836.0796288045947,-201.23743320354072
63000.0,Senior,-1836.0794198065373,-200.23740813821772
63000.0,Senior,-1836.0792111731184,-199.23743072635435
51000.0,Mid,-13836.078749989718,-195.73201159759947
51000.0,Mid,-13836.078332334044,-193.73201079511895
51000.0,Mid,-13836.078124051297,-192.73202679459615
63000.0,Senior,-1836.078167233649,-194.2374308597016
30000.0,Entry,-34836.07682716161,-184.3474624033164
68000.0,Senior,3163.9225586447965,-191.28135961631418
51000.0,Mid,-13836.076662004702,-185.73201557069677
63000.0,Senior,-1836.0767058362962,-187.2374270978557
63000.0,Senior,-1836.076079454623,-184.23742413854634
30000.0,Entry,-34836.07515683658,-176.3474664292253
51000.0,Mid,-13836.075409353767,-179.73202221365713
51000.0,Mid,-13836.075200493591,-178.73201774286073
30000.0,Entry,-34836.07411330401,-171.34746042307523
63000.0,Senior,-1836.0746178495233,-177.2374361349569
63000.0,Senior,-1836.0744089757945,-176.23743810254126
30000.0,Entry,-34836.07306896208,-166.34746950736215
30000.0,Entry,-34836.07265167565,-164.3474649079573
63000.0,Senior,-1836.0729472566666,-169.23742286808817
89000.0,Senior,24163.926694225825,-173.6659188638132
51000.0,Mid,-13836.07206868407,-163.73202239749776
30000.0,Entry,-34836.07139872269,-158.34747155105453
68000.0,Senior,3163.9286135764655,-162.28137334631285
30000.0,Entry,-34836.07035472716,-153.3474735413809
41000.0,Executive,-23836.0701772414,-153.64411410900476
63000.0,Senior,-1836.070442104974,-157.2374429513385
40000.0,Mid,-24836.069740701587,-151.4353565973346
51000.0,Mid,-13836.069563236451,-151.73202612120733
63000.0,Senior,-1836.0696071470927,-153.2374426026364
51000.0,Mid,-13836.06914574924,-149.73203052422525
30000.0,Entry,-34836.06847610586,-144.34748772636675
30000.0,Entry,-34836.06826689328,-143.34748037155424
63000.0,Senior,-1836.0683547756428,-147.23745893306577
63000.0,Senior,-1836.0679365506712,-145.23746484161768
63000.0,Senior,-1836.0677278700543,-144.23744639195598
101000.0,Senior,36163.93165219878,-151.17137493675645
51000.0,Mid,-13836.066431962412,-136.73204428610163
51000.0,Mid,-13836.066222639625,-135.73203108615346
51000.0,Mid,-13836.065805600507,-133.7320452231466
63000.0,Senior,-1836.0656399549634,-134.23745101732038
51000.0,Mid,-13836.06476114828,-128.73203166315963
63000.0,Senior,-1836.0643871691893,-128.23745080358077
63000.0,Senior,-1836.064178484448,-127.23745165041346
63000.0,Senior,-1836.0639696463425,-126.23745284751165
100000.0,Mid,35163.93542296053,-132.96262919105433
63000.0,Senior,-1836.0633433044582,-123.23745086794452
51000.0,Mid,-13836.06288217699,-119.73203384363447
76000.0,Senior,11163.936790671853,-123.95169215675702
30000.0,Entry,-34836.06200369952,-113.34749740916432
76000.0,Senior,11163.937417347297,-120.95167792909474
90000.0,Senior,25163.937320489214,-122.87471999508742
70000.0,Senior,5163.937966351041,-117.69896227687047
63000.0,Senior,-1836.0616730528297,-115.23745388241976
63000.0,Senior,-1836.061464288933,-114.23745927164858
51000.0,Mid,-13836.061002957089,-110.73203884388164
51000.0,Mid,-13836.060794351431,-109.73203408644127
30000.0,Entry,-34836.060124149386,-104.3474887465283
115000.0,Mid,50163.93822777833,-121.09443218162126
51000.0,Mid,-13836.06016799101,-106.73203920021145
77115.3,Senior,-7836.059872147201,-105.98474763908919
96000.0,Senior,31163.939486298805,-113.12744982180206
40000.0,Mid,-24836.059093214433,-100.43538892313744
70000.0,Senior,5163.940470949225,-105.69897216886523
110000.0,Senior,45163.94001785372,-112.05045889226447
30000.0,Entry,-34836.05803627637,-94.34749184961966
124000.0,Mid,59163.94011990924,-112.9735334103866
63000.0,Senior,-1836.0577063858966,-96.23744252343683
51000.0,Mid,-13836.056827211056,-90.73204505006431
51000.0,Mid,-13836.05641011781,-88.73205717629611
51000.0,Mid,-13836.056201147272,-87.73202725177607
63000.0,Senior,-1836.0558270485856,-87.23746390310063
30000.0,Entry,-34836.05448691671,-77.34749896451738
63000.0,Senior,-1836.0547830991716,-82.23746496389876
51000.0,Mid,-13836.05432176492,-78.73204946554006
70000.0,Senior,5163.945690809746,-80.69897978497917
63000.0,Senior,-1836.0539479066736,-78.23746685556092
63000.0,Senior,-1836.053739120853,-77.23746695631885
30000.0,Entry,-34836.05281662087,-69.34750149739607
51000.0,Mid,-13836.053069024316,-72.73204719285582
63000.0,Senior,-1836.0531127619104,-74.23746946857901
51000.0,Mid,-13836.05181631582,-66.73205249748351
46000.0,Executive,-18836.05107763895,-62.688099970639335
63000.0,Senior,-1836.0512341627884,-65.23748244310283
30000.0,Entry,-34836.05031114622,-57.34750333105758
63000.0,Senior,-1836.0508163868035,-63.23746614791648
63000.0,Senior,-1836.0503985706805,-61.237473686268544
63000.0,Senior,-1836.0499814389793,-59.23748431719276
63000.0,Senior,-1836.0493546254454,-56.23747738785073
63000.0,Senior,-1836.0485194368346,-52.23747492359843
63000.0,Senior,-1836.0481018596795,-50.237476996687384
51000.0,Mid,-13836.047641105275,-46.73207239744973
51000.0,Mid,-13836.04743179365,-45.73206041638549
160000.0,Mid,95163.9503996841,-67.48991065578844
63000.0,Senior,-1836.0470578231643,-45.23747672849065
51000.0,Mid,-13836.046596633281,-41.73206025521189
109000.0,Mid,44163.95234721543,-52.841743005691036
63000.0,Senior,-1836.046431851991,-42.23747280666657
68000.0,Senior,3163.9538769026117,-41.28141869002555
30000.0,Entry,-34836.044882746835,-31.34751542290212
30000.0,Entry,-34836.044465157975,-29.347510556999552
63000.0,Senior,-1836.0449697582642,-35.237464722762034
100000.0,Senior,35163.954431770406,-41.962622445336756
63000.0,Senior,-1836.044553023271,-33.23749454077334
51000.0,Mid,-13836.043882398364,-28.732064289230653
30000.0,Entry,-34836.043212495206,-23.347511870648603
63000.0,Senior,-1836.0437173891444,-29.237482273542554
30000.0,Entry,-34836.04279480336,-21.34751450218644
63000.0,Senior,-1836.0430909890513,-26.237482893294708
51000.0,Mid,-13836.042629715565,-22.7320653022314
30000.0,Entry,-34836.04195965417,-17.34751574342296
68000.0,Senior,3163.957425792667,-24.281435791657547
100000.0,Mid,35163.95755441449,-26.962662299975545
51000.0,Mid,-13836.040959420108,-14.732068659011324
63000.0,Senior,-1836.0410030929092,-16.2374873498818
63000.0,Senior,-1836.0403772772409,-13.2375007877396
63000.0,Senior,-1836.0401679728734,-12.237487695568028
30000.0,Entry,-34836.03924541923,-4.347519777441677
63000.0,Senior,-1836.0395416049255,-9.237488203215982
63000.0,Senior,-1836.039332797049,-8.237488871326441
63000.0,Senior,-1836.0391242010728,-7.237488205490002
63000.0,Senior,-1836.0387064381064,-5.237491020612644
63000.0,Senior,-1836.0384977000083,-4.237491841255947
30000.0,Entry,-34836.03757512082,3.65247774008525
130000.0,Senior,65163.96045870666,-16.226258318652246
51000.0,Mid,-13836.03761876078,1.2679268062245679
30000.0,Entry,-34836.03694882709,6.652475369051213
63000.0,Senior,-1836.0372449494482,1.7625096624649268
63000.0,Senior,-1836.0370359843312,2.762528455074908
30000.0,Entry,-34836.03590534096,11.652461444772083
63000.0,Senior,-1836.0362014770797,6.76249506781858
51000.0,Mid,-13836.035740174959,10.267911901220883
84000.0,Mid,19163.96374940881,4.377932108486812
130000.0,Senior,65163.96296415427,-4.226262066831979
51000.0,Mid,-13836.03511331841,13.267924733225067
30000.0,Entry,-34836.0338174138,21.652460423813427
51000.0,Mid,-13836.034069693313,18.267939639302753
63000.0,Senior,-1836.0341131130306,16.762503665071346
51000.0,Mid,-13836.033234380177,22.267921802905057
63000.0,Senior,-1836.0332779653052,20.762501562816748
63000.0,Senior,-1836.033069198579,21.762502113986283
30000.0,Entry,-34836.032147169535,29.652455822502443
30000.0,Entry,-34836.031937879015,30.652466199470712
110000.0,Senior,45163.9665329039,14.949488662809074
30000.0,Entry,-34836.031520289085,32.65246874112037
51000.0,Mid,-13836.031772734876,29.267917712839633
51000.0,Mid,-13836.031563947576,30.267917402530504
63000.0,Senior,-1836.0311900400052,30.762498113803208
63000.0,Senior,-1836.0309815171925,31.76250916976156
68000.0,Senior,3163.9697448911807,34.718559843894965
30000.0,Entry,-34836.02922379494,43.65246590596559
68000.0,Senior,3163.9701621495396,36.718569168270655
63000.0,Senior,-1836.029519809878,38.76250012804602
63000.0,Senior,-1836.0293115502604,39.76248265779983
63000.0,Senior,-1836.0291024314788,40.762506358626766
68000.0,Senior,3163.9712063063175,41.718556114953216
63000.0,Senior,-1836.0284761636854,43.76251374779938
51000.0,Mid,-13836.027805980151,48.26792194263582
51000.0,Mid,-13836.02759752433,49.26789761711227
63000.0,Senior,-1836.0276409203682,47.7625041721886
30000.0,Entry,-34836.02588304862,59.65246072386031
63000.0,Senior,-1836.0257619287659,56.762509687271326
51000.0,Mid,-13836.025300510175,60.267912814345564
63000.0,Senior,-1836.0253440452962,58.76248922399479
51000.0,Mid,-13836.024673966624,63.267907162329145
140000.0,Mid,75163.97380325675,46.685813669155074
51000.0,Mid,-13836.023630328238,68.26792402188715
110000.0,Senior,45163.975510053715,57.94948975486483
51000.0,Mid,-13836.023003668206,71.26790467985609
63000.0,Senior,-1836.023047387531,69.76248708973476
51000.0,Mid,-13836.022586093608,73.26790405923785
63000.0,Senior,-1836.022630025132,71.76249667582913
63000.0,Senior,-1836.0224215693108,72.76247235030554
63000.0,Senior,-1836.0220034510237,74.76248493051358
51000.0,Mid,-13836.020915806359,81.26790183832611
51000.0,Mid,-13836.020707007894,82.26790126645565
30000.0,Entry,-34836.01982822467,88.65244918566272
51000.0,Mid,-13836.020080736347,85.26790119945474
30000.0,Entry,-34836.01941074486,90.65244200229051
63000.0,Senior,-1836.0199147214457,84.76248831948018
51000.0,Mid,-13836.01924597814,89.26788722570421
51000.0,Mid,-13836.01903676005,90.26789832745555
63000.0,Senior,-1836.0190806410064,88.7624913659078
51000.0,Mid,-13836.018619210845,92.26789809109508
63000.0,Senior,-1836.018245275564,92.76247825593678
63000.0,Senior,-1836.0176189151402,95.76247815039282
63000.0,Senior,-1836.0169928621028,98.76249656864223
63000.0,Senior,-1836.0167838076134,99.76247960403
30000.0,Entry,-34836.01586128462,107.65244687560036
63000.0,Senior,-1836.016366184746,101.76247560474845
63000.0,Senior,-1836.016157406582,102.76247682098489
63000.0,Senior,-1836.0159486780437,103.76247618413196
63000.0,Senior,-1836.0157398699025,104.76247232407098
63000.0,Senior,-1836.0153221049743,106.76249597085045
124000.0,Mid,59163.983547235905,95.02638988315918
63000.0,Senior,-1836.0149046827726,108.76247706152544
63000.0,Senior,-1836.014069237641,112.76248904968772
30000.0,Entry,-34836.01293853551,121.6524472258871
90000.0,Senior,25163.9859687767,110.12521274871686
100000.0,Senior,35163.985958652935,109.03733039006806
30000.0,Entry,-34836.0123119005,124.65244156567906
63000.0,Senior,-1836.0119816579997,122.76246971698836
51000.0,Mid,-13836.011520366628,126.26788761285383
100000.0,Mid,35163.987619785905,117.03729272186752
51000.0,Mid,-13836.011102803188,128.26788715795544
115000.0,Senior,50163.99794991621,164.905497778809
129000.0,Senior,64163.999107817755,168.98248720434236
68000.0,Senior,3164.0012716560877,185.71851273343748
104000.0,Senior,39164.001113858256,181.20215663716445
130000.0,Senior,65164.00263463446,185.77367525119587
40000.0,Mid,-24835.989775830334,231.56450737722272
30000.0,Entry,-34835.98621350085,249.6524022978212
51000.0,Mid,-13835.986048315845,248.26784975513945
46000.0,Senior,-18835.985721301582,250.3118226341178
51000.0,Mid,-13835.985421953941,251.26784882421202
46000.0,Senior,-18835.985095368727,253.31180880034222
51000.0,Mid,-13835.984795592038,254.26784789328468
68000.0,Senior,3164.0150516407048,251.71849031275204
46000.0,Senior,-18835.983842197176,259.3118190955351
110000.0,Senior,45164.014972494966,246.9494289746915
51000.0,Mid,-13835.983543049873,260.26785034468315
46000.0,Senior,-18835.983215805692,262.3118182106627
131000.0,Senior,66164.01513988008,245.5648751258714
46000.0,Senior,-18835.982589461266,265.3118147802766
68000.0,Senior,3164.0171394927343,261.71848539419307
51000.0,Mid,-13835.98229044254,266.2678621769213
30000.0,Entry,-34835.981411336725,272.6523942669284
46000.0,Senior,-18835.981545507282,270.3118157281895
51000.0,Mid,-13835.98145488032,270.2678233042799
76232.0,Senior,164.0184592527982,268.3449550215177
51000.0,Mid,-13835.981036761777,272.2679224168655
30000.0,Senior,-34835.98036071259,277.6524965996134
45000.0,Mid,-19835.98048831865,275.52064754505005
30000.0,Senior,-34835.97994313799,279.6524959749168
69000.0,Senior,4164.019415556004,272.50979238986116
69000.0,Senior,4164.019833130608,274.50979176516444
62000.0,Senior,-2835.979805954062,276.97129071015684
62000.0,Senior,-2835.9795971667613,277.97129039780856
62000.0,Senior,-2835.9793883794596,278.9712900854602
45000.0,Mid,-19835.978818020234,283.52064504626355
62000.0,Senior,-2835.9789702997573,280.97130235238257
45000.0,Mid,-19835.978400445634,285.5206444215669
62000.0,Senior,-2835.9785532302535,282.971288836067
30000.0,Senior,-34835.9776459555,290.65250359536003
62000.0,Senior,-2835.9781351424863,284.97130063991546
63000.0,Senior,-1835.9775301369632,287.7625076281944
63000.0,Senior,-1835.977321774178,288.7625129370026
56000.0,Senior,-8835.976960365328,291.22402126522627
45000.0,Mid,-19835.97652090712,294.52065771766655
76000.0,Senior,11164.023020495628,289.04825926820916
68000.0,Senior,3164.0234042694087,291.71857645270626
63000.0,Senior,-1835.9762778862123,293.7625142677591
76000.0,Senior,11164.023646857533,292.04825833116416
120000.0,Senior,55164.022896782146,283.8616316910014
113000.0,Senior,48164.023675567405,288.32312204411227
30000.0,Entry,-34835.97368504034,309.6524766223767
76000.0,Senior,11164.026152878814,304.0482707439248
30000.0,Senior,-34835.97242630469,315.6525005164363
68000.0,Senior,3164.0271624974444,309.7185670160493
68000.0,Senior,3164.027371273851,310.7185682676662
171000.0,Senior,106164.02742150599,300.21344197688444
30000.0,Senior,-34835.96762416409,338.6524913802832
63000.0,Senior,-1835.9681349805105,332.76251983355866
106000.0,Senior,41164.03155513176,326.7846492545223
68000.0,Senior,3164.0340524674984,342.71855827252017
51000.0,Mid,-13835.965168411145,348.2679138001222
30000.0,Senior,-34835.96323969435,359.65248489201207
68000.0,Senior,3164.0361403463057,352.7185546955342
68000.0,Senior,3164.0371845757754,357.71856853802853
68000.0,Senior,3164.037393068091,358.7185510670571
76000.0,Senior,11164.038054020946,361.0482659724454
76000.0,Senior,11164.038262522807,362.0482526902571
51000.0,Mid,-13835.9607843394,369.2678942216036
46000.0,Executive,-18835.959210031968,377.3118570495299
30000.0,Senior,-34835.95760239646,386.6524784617297
76000.0,Senior,11164.041811926427,379.04824731780144
30000.0,Entry,-34835.955938157356,394.6524523760297
56000.0,Senior,-8835.956290506512,390.2239972324155
76000.0,Senior,11164.043899225779,389.048228033378
30000.0,Senior,-34835.95426183473,402.65247089727825
30000.0,Senior,-34835.95405302215,403.65247359055917
63000.0,Senior,-1835.9537288251072,401.7624811990355
63000.0,Senior,-1835.9535202340103,402.76248774196455
51000.0,Mid,-13835.952850144593,407.26790426301864
63000.0,Senior,-1835.9522675102012,408.76248586787466
30000.0,Senior,-34835.94925116731,426.6524823991076
63000.0,Senior,-1835.9495529106762,421.7624920345587
30000.0,Senior,-34835.948416018095,430.6524811497144
30000.0,Entry,-34835.948004490434,432.6524445389887
30000.0,Senior,-34835.946745468085,438.65246008239893
68000.0,Senior,3164.05284333553,432.7185293639385
30000.0,Senior,-34835.94570155537,443.65245809099747
100000.0,Senior,35164.05381595649,434.03733859775207
40000.0,Mid,-24835.943423402623,453.5645439742623
30000.0,Entry,-34835.94069667481,467.652428659316
30000.0,Senior,-34835.939646670246,472.65245044459454
30000.0,Senior,-34835.939438164125,473.65246771873706
30000.0,Senior,-34835.939020308346,475.6524495136671
129000.0,Senior,64164.06090911622,464.982476425978
76000.0,Senior,11164.062690577382,479.04821451360783
76000.0,Senior,11164.062899443878,480.04821577062194
178000.0,Senior,113164.06109247525,460.75187927220924
46000.0,Senior,-18835.93498494469,493.31185020082495
76000.0,Senior,11164.064987325899,490.0482172884112
76000.0,Senior,11164.0654049005,492.0482166637145
46000.0,Senior,-18835.933105858978,502.31184738969
51000.0,Mid,-13835.933015350947,502.26787458992885
100000.0,Senior,35164.06717807918,498.03730421881164
30000.0,Mid,-34835.92879898083,524.6524023825799
45000.0,Senior,-19835.928699331067,523.5206217351545
30000.0,Senior,-34835.927954592255,528.6524358955397
30000.0,Senior,-34835.926075488125,537.6524294176587
76000.0,Senior,11164.07313000364,529.0481991725165
38000.0,Mid,-26835.925841628046,537.9820942866223
30000.0,Senior,-34835.92544916737,540.6524279686304
76000.0,Senior,11164.073756649503,532.048212560883
78000.0,Mid,13164.074121096763,533.630588009147
46000.0,Senior,-18835.924963084406,541.3118269473183
38000.0,Mid,-26835.924589097755,543.9821015395867
76000.0,Senior,11164.07479998377,537.0482141452197
38000.0,Mid,-26835.92417132453,545.9820910199556
76000.0,Senior,11164.075217558373,539.048213520523
30000.0,Mid,-34835.923579551374,549.6524096202526
30000.0,Mid,-34835.92337076407,550.6524093079041
30000.0,Mid,-34835.922953189474,552.6524086832077
38000.0,Mid,-26835.92291863931,551.9820887612094
46000.0,Senior,-18835.9226664939,552.3118317722735
46000.0,Senior,-18835.922457706598,553.3118314599252
30000.0,Mid,-34835.921700350664,558.6523889260644
51000.0,Mid,-13835.92194962397,555.2678580354675
124000.0,Mid,59164.07729443285,544.0268656040797
81000.0,Executive,16164.078444356805,554.0047463192177
51000.0,Mid,-13835.92069556168,561.2683733975122
51000.0,Mid,-13835.920486774374,562.268373085164
62000.0,Senior,-2835.920509084951,560.971728886112
51000.0,Mid,-13835.920069199772,564.2683724604673
120000.0,Senior,55164.07864395058,550.8620391360306
68000.0,Senior,3164.079985963326,562.7189873693042
51000.0,Mid,-13835.919442837867,567.2683715234222
120000.0,Senior,55164.07947909978,554.8620378866375
56000.0,Senior,-8835.918916625222,569.224454923515
69000.0,Senior,4164.081217429083,568.5102109308655
51000.0,Mid,-13835.91819011406,573.2683696493324
56000.0,Senior,-8835.91808147601,573.2244536741222
51000.0,Mid,-13835.91777253945,575.2683690246363
56000.0,Mid,-8835.917673116443,575.2244189254993
51000.0,Mid,-13835.917355309995,577.2683537982023
56000.0,Senior,-8835.91703753951,578.2244521123803
142000.0,Senior,77164.08129561196,561.2687148175755
51000.0,Mid,-13835.91652010648,581.2683538288048
69000.0,Senior,4164.083305437187,578.5102115583437
51000.0,Mid,-13835.915893744577,584.2683528917598
51000.0,Mid,-13835.915684957277,585.2683525794116
62000.0,Senior,-2835.91570658254,583.9717360685338
43000.0,Mid,-21835.915092720737,588.9386555855466
45000.0,Senior,-19835.914709763892,590.5211121515703
185000.0,Senior,120164.08265435383,563.290842317142
142000.0,Senior,77164.08421863419,575.2687104446991
45000.0,Senior,-19835.913248700912,597.521095487424
190000.0,Senior,125164.08463486358,572.2469186225728
63000.0,Senior,-1835.912388205335,599.7629335934434
45000.0,Senior,-19835.91136913869,606.5211055996491
30000.0,Entry,-34835.91083832243,610.6529005749086
201000.0,Senior,136164.08564766182,575.9502528682007
81000.0,Senior,16164.088472108871,602.0047493824178
56000.0,Entry,-8835.910571426615,609.2244170831664
150000.0,Senior,85164.08759425608,590.5984077416073
45000.0,Senior,-19835.90990772681,613.5211077286042
45000.0,Senior,-19835.90949015221,615.5211071039075
56000.0,Entry,-8835.909527490106,614.2244155214248
165000.0,Senior,100164.0883119585,592.4666045743533
62000.0,Mid,-2835.908617391141,617.9716754119888
45000.0,Senior,-19835.90802796043,622.521110513569
43000.0,Mid,-21835.907785390074,623.93864074637
68000.0,Senior,3164.091887334655,619.718986058454
150000.0,Senior,85164.09072557565,605.5983931247281
63000.0,Senior,-1835.90716842652,624.7629249186683
45000.0,Senior,-19835.90635807801,630.5211173177926
51000.0,Mid,-13835.905663256057,633.2683356200793
63000.0,Senior,-1835.9054981606498,632.7629204376752
175000.0,Senior,110164.09331258974,615.3787077341526
56000.0,Senior,-8835.902004873302,650.2244222943715
30000.0,Entry,-34835.90123515445,656.6528809458713
63000.0,Mid,-1835.901540424761,651.7628782416195
43000.0,Mid,-21835.9008959036,656.9386158472978
196000.0,Senior,131164.09598654063,625.9941566727892
63000.0,Senior,-1835.900904807475,654.7629155482189
30000.0,Senior,-34835.89976749341,663.6529038752176
177000.0,Senior,112164.09723515698,633.9611186036436
63000.0,Senior,-1835.9000699485841,658.7629281630083
45000.0,Senior,-19835.89925950358,664.521089037795
45000.0,Senior,-19835.898424325995,668.5210863604829
167000.0,Senior,102164.09912527533,644.0490130812808
45000.0,Senior,-19835.898006797113,670.5210841000968
43000.0,Mid,-21835.897763740228,671.9386297951378
40000.0,Mid,-24835.896654266624,677.5649801334164
45000.0,Mid,-19835.89613690129,679.5210499741999
81000.0,Senior,16164.103504794579,674.0047268933392
120000.0,Senior,55164.10286285814,666.8620107958508
120000.0,Senior,55164.10369979593,670.8620261689292
45000.0,Mid,-19835.893840263558,690.5210459793192
45000.0,Mid,-19835.893631453673,691.5210456815593
30000.0,Entry,-34835.892257201675,699.6528762961865
200000.0,Senior,135164.10529454233,670.1589983562493
95000.0,Senior,30164.10821043152,695.0816921434047
40000.0,Mid,-24835.890390597688,707.5649766835905
68000.0,Senior,3164.1092166367134,702.7189668781723
30000.0,Entry,-34835.88975177382,711.652868651652
63000.0,Mid,-1835.8900578516864,706.7628537934323
135000.0,Mid,70164.10858149659,692.7301476323709
36000.0,Entry,-28835.889047424356,714.4001359112046
68000.0,Senior,3164.110471246703,708.7189742604958
63000.0,Mid,-1835.8892211752518,710.7628639178148
45000.0,Senior,-19835.88819382769,717.521079140734
63000.0,Mid,-1835.8883875532742,714.7628512946459
68000.0,Senior,3164.111722187458,714.7189524460134
45000.0,Senior,-19835.887567465783,720.5210782036891
45000.0,Senior,-19835.885897195065,728.5210667272225
45000.0,Senior,-19835.88568832898,729.5210687351548
68000.0,Senior,3164.114018981925,725.7189532686218
45000.0,Senior,-19835.88527072748,731.5210665760178
63000.0,Senior,-1835.8848280168577,731.7629072625763
63000.0,Mid,-1835.8842113105761,734.7628600286929
120000.0,Entry,55164.11475780934,723.8619669597382
30000.0,Entry,-34835.88286173384,744.6528539345222
100000.0,Mid,35164.11623467901,733.0377107918121
45000.0,Senior,-19835.88234770378,745.5210624666798
150000.0,Mid,85164.11556253233,724.5983315269215
63000.0,Mid,-1835.8821224070007,744.7628532979719
45000.0,Senior,-19835.881512653814,749.5210652492336
100000.0,Mid,35164.117487402815,739.0377089177223
90000.0,Mid,25164.117914343307,742.1255843572922
56000.0,Entry,-8835.880505842042,753.2243731053387
45000.0,Senior,-19835.8792159795,760.5210651104733
43000.0,Mid,-21835.877719962322,767.9385982601731
43000.0,Mid,-21835.877093619634,770.9385938158948
43000.0,Mid,-21835.876467280315,773.9385933760956
36000.0,Entry,-28835.875684817824,778.4001208163716
168000.0,Senior,103164.12165081412,751.8401742420881
43000.0,Mid,-21835.87542334381,778.9385915207121
40000.0,Mid,-24835.874940491594,781.5649544488873
45000.0,Senior,-19835.87462170402,782.5210553178159
142000.0,Senior,77164.12388988769,765.2686674858818
43000.0,Mid,-21835.87375309757,786.9385919798378
45000.0,Senior,-19835.873369875902,788.5210494135009
43000.0,Mid,-21835.873126735667,789.9385910427928
120000.0,Senior,55164.1264559248,779.8619543450627
76000.0,Senior,11164.127833390947,791.0486437186652
45000.0,Senior,-19835.87128187585,798.5210423753124
90000.0,Senior,25164.127945320175,790.1256013403241
68000.0,Senior,3164.129051525827,797.7189277565291
105000.0,Senior,40164.12907966,793.993784771683
120000.0,Senior,55164.13000530892,796.8619490351414
43000.0,Mid,-21835.86811594342,813.9385854416776
45000.0,Senior,-19835.86710676142,818.5210243559225
132000.0,Senior,67164.13120503357,801.3565160499849
45000.0,Senior,-19835.866479559903,821.5210526121921
45000.0,Senior,-19835.866271166808,822.5210457448779
140000.0,Entry,75164.13227899076,805.686206456844
51000.0,Mid,-13835.865158924957,827.2682632220708
183000.0,Senior,118164.13218068921,800.7083478180472
63000.0,Senior,-1835.8639494286217,831.7628580108324
45000.0,Senior,-19835.862721388483,839.521046989923
68000.0,Senior,3164.1371944032962,836.7189202844299
63000.0,Senior,-1835.8618619278116,841.7628593827425
30000.0,Entry,-34835.86073027988,850.6528222407921
63000.0,Mid,-1835.8612436768497,844.7628220631409
30000.0,Entry,-34835.85989513067,854.6528224738832
40000.0,Mid,-24835.85865497775,859.5649232860236
45000.0,Senior,-19835.85833535739,860.5210437313385
45000.0,Mid,-19835.858137626405,861.5209872542501
76000.0,Senior,11164.142447899809,861.0486250003614
68000.0,Senior,3164.14283094108,863.7188933524621
43000.0,Mid,-21835.85642385601,869.9385637734467
76000.0,Senior,11164.143283651258,865.0486206048901
82096.0,Senior,5164.1436231401785,867.3013279057293
120000.0,Senior,55164.14274127992,857.8619479106183
45000.0,Senior,-19835.85520528926,875.5210191969373
45000.0,Senior,-19835.85499656728,876.5210218161834
76000.0,Senior,11164.14453609111,871.0486051027891
45000.0,Mid,-19835.854588214843,878.5209868355532
30000.0,Entry,-34835.85384033657,883.6528116936993
56000.0,Senior,-8835.854192685722,879.224356550085
30000.0,Entry,-34835.85321397708,886.6528070119575
45000.0,Senior,-19835.85270043762,887.5210028038889
68000.0,Senior,3164.1480509550993,888.7189095569294
45000.0,Senior,-19835.850820655807,896.5210342331416
63000.0,Senior,-1835.8510048386188,893.7628464349372
145000.0,Senior,80164.14762459724,878.6422502738214
45000.0,Senior,-19835.84998567205,900.521014368764
145000.0,Senior,80164.14845971375,882.6422694986828
43000.0,Mid,-21835.84890751168,905.9385567056329
45000.0,Senior,-19835.847479915465,912.5210241884957
45000.0,Senior,-19835.84643637317,917.5210160717882
110000.0,Executive,45164.15234891832,904.9497930391118
63000.0,Senior,-1835.8462027306844,916.762839250926
45000.0,Senior,-19835.845600829747,921.5210213773609
43000.0,Mid,-21835.844940375206,924.9385462199709
120000.0,Senior,55164.154224704886,912.861936585156
45000.0,Senior,-19835.843930863302,929.5210073806136
45000.0,Senior,-19835.843513100255,931.5210233009507
40000.0,Mid,-24835.843204687575,933.564905796302
45000.0,Senior,-19835.843095382133,933.5210176291811
54116.0,Mid,-24835.842369909795,937.5648892994456
45000.0,Senior,-19835.84184116057,939.521019055822
45000.0,Senior,-19835.84163447326,940.5210185888211
45000.0,Senior,-19835.841216605386,942.5210013357805
30000.0,Entry,-34835.84068666572,946.6527880338112
163000.0,Senior,98164.15662745717,919.8840644075949
45000.0,Senior,-19835.840590078038,945.5210189280743
45000.0,Senior,-19835.839755624926,949.5209834382935
196000.0,Senior,131164.15778758188,921.9940642176889
120000.0,Senior,55164.15986200831,939.8619288674125
63000.0,Senior,-1835.8386860232245,952.7628382335992
63000.0,Senior,-1835.8384773883236,953.7628196366222
45000.0,Senior,-19835.837875843117,958.5210148675463
45000.0,Senior,-19835.837667055814,959.5210145551979
45000.0,Senior,-19835.837249337692,961.5210088834285
43000.0,Executive,-21835.837002965058,962.9385701573857
45000.0,Senior,-19835.835788147928,968.5209926391052
30000.0,Mid,-34835.83463507282,975.6527727694779
68000.0,Senior,3164.165589303313,972.7188717182886
63000.0,Mid,-1835.8330584469652,979.7627935391882
45000.0,Senior,-19835.832029775403,986.5209903799695
45000.0,Senior,-19835.830777240302,992.5209858203237
81000.0,Senior,16164.169064780202,988.0046342703379
45000.0,Senior,-19835.829942198263,996.5209830178746
43000.0,Mid,-21835.82928045893,999.9385284291809
141000.0,Senior,76164.16879942639,980.4773735486351
30000.0,Entry,-34835.82857709448,1004.6527771335965
103000.0,Senior,38164.17046319045,992.4112995427649
63000.0,Mid,-1835.82825607413,1002.7627705960167
62000.0,Mid,-2835.8273991589535,1006.9715571296916
68000.0,Senior,3164.1726880769465,1006.7188633391968
100000.0,Senior,35164.172407974096,1002.0376732399047
45000.0,Senior,-19835.82534877343,1018.5209803614702
43000.0,Mid,-21835.824688031153,1021.938516838314
68000.0,Senior,3164.176028553427,1022.718863030358
45000.0,Senior,-19835.822843335223,1030.52097327351
63000.0,Senior,-1835.8228188843946,1028.7627802547404
62000.0,Mid,-2835.8225970510193,1029.9715499456809
56000.0,Senior,-8835.820160225037,1042.22430040239
68000.0,Senior,3164.180204313447,1042.7188600804634
68000.0,Senior,3164.181456829229,1048.7188679074177
45000.0,Senior,-19835.817206096097,1057.5209656127583
68000.0,Senior,3164.1825011787355,1053.7188287224276
76000.0,Senior,11164.182535472059,1053.0485467541962
43000.0,Mid,-21835.81654530475,1060.9385056111034
76000.0,Senior,11164.183161833964,1056.0485458171515
45000.0,Senior,-19835.81595303294,1063.520977023901
43000.0,Mid,-21835.815501543435,1065.9385067299033
45000.0,Senior,-19835.814909936038,1068.5209462688447
142000.0,Senior,77164.18339426862,1050.2685784666135
43000.0,Executive,-21835.814245443984,1071.9385176234211
228000.0,Senior,163164.18214323075,1035.3128277427888
45000.0,Senior,-19835.813448187557,1075.5209764217996
175000.0,Executive,110164.18392132176,1049.378566239949
38000.0,Mid,-26835.81267810192,1079.9824371354416
56000.0,Senior,-8835.812852718147,1077.2242939519863
45000.0,Senior,-19835.811986676446,1082.5209742353613
45000.0,Senior,-19835.81177578916,1083.5209740776654
68000.0,Senior,3164.188764598588,1083.7188478734654
30000.0,Entry,-34835.81020379218,1092.6527535432997
45000.0,Senior,-19835.80822825921,1100.520951272954
184000.0,Senior,119164.1893674141,1074.499468871205
45000.0,Senior,-19835.80739335581,1104.5209673636984
45000.0,Senior,-19835.807184322708,1105.5209497112126
43000.0,Mid,-21835.806941088882,1106.9384913368835
45000.0,Senior,-19835.804678907087,1117.5209542014095
142000.0,Senior,77164.19362484639,1099.268563161546
45000.0,Senior,-19835.803843520604,1121.520946526477
45000.0,Senior,-19835.803634998272,1122.5209436619878
30000.0,Entry,-34835.803104984654,1126.652737515143
43000.0,Mid,-21835.802973963102,1125.938503596327
172000.0,Senior,107164.19443201504,1100.0049322107016
56000.0,Senior,-8835.802830940713,1125.2242794588572
68000.0,Senior,3164.1971161897422,1123.718826394281
56000.0,Senior,-8835.8024133661,1127.224278834161
45000.0,Senior,-19835.80154754875,1132.5209262785527
45000.0,Senior,-19835.801128573894,1134.5209453712105
46000.0,Senior,-18835.80094266677,1135.312161729203
45000.0,Senior,-19835.80071186889,1136.5209411358092
36000.0,Entry,-28835.800312921063,1139.4000115921835
87938.5,Mid,164.19926006434397,1134.3451355707182
115000.0,Senior,50164.19880570604,1126.9057976631527
45000.0,Senior,-19835.799041596565,1144.520938217502
142000.0,Senior,77164.19926210353,1126.2685547281417
76000.0,Senior,11164.200908689534,1141.0485260056546
43000.0,Mid,-21835.79754564057,1151.9384771064572
46000.0,Senior,-18835.797184495346,1153.3121561069333
43000.0,Mid,-21835.796710564755,1155.9384754017562
68000.0,Senior,3164.2042146450935,1157.7188338614517
45000.0,Senior,-19835.794448265842,1166.5209342134383
45000.0,Senior,-19835.793613116635,1170.5209329640452
119000.0,Senior,54164.20498251147,1156.0706495287877
147000.0,Senior,82164.20458151629,1151.2246084796845
45000.0,Senior,-19835.792986728527,1173.5209277148535
45000.0,Senior,-19835.792151674774,1177.5209348612275
68000.0,Senior,3164.2075555202646,1173.7188116462144
68000.0,Senior,3164.207764299501,1174.7188139074913
45000.0,Senior,-19835.791316563056,1181.5209504338964
68000.0,Senior,3164.208599490254,1178.718811155443
68000.0,Senior,3164.209227640317,1181.7188265197444
30000.0,Mid,-34835.78911944578,1193.6527054775543
76000.0,Senior,11164.21009530378,1185.0485076657221
45000.0,Senior,-19835.7886022214,1194.5209242054325
38000.0,Mid,-26835.7880411787,1197.9824015385914
30000.0,Entry,-34835.78661122414,1205.652697112833
30000.0,Entry,-34835.785775971846,1209.6527216192874
45000.0,Senior,-19835.785052824238,1211.5209187609341
45000.0,Senior,-19835.784008884766,1216.5209163110787
45000.0,Senior,-19835.78338071615,1219.5209315982947
43000.0,Mid,-21835.782930724403,1221.9384580035664
68000.0,Senior,3164.2190391457407,1228.718808538643
30000.0,Entry,-34835.778259341096,1245.6526973432576
45000.0,Senior,-19835.77816265162,1244.5209097941056
45000.0,Senior,-19835.77690995108,1250.5209236618396
45000.0,Senior,-19835.776492232948,1252.52091799007
90000.0,Mid,25164.222725568663,1244.1254275584397
124000.0,Mid,59164.2234449653,1244.0261847480162
35000.0,Entry,-29835.77440194055,1263.6082926079152
62000.0,Senior,-2835.774775921849,1258.9710285440078
56000.0,Mid,-8835.774445606206,1261.2237424423113
43000.0,Mid,-21835.77207471716,1273.9379609161435
45000.0,Mid,-19835.771909035484,1274.5204019147086
45000.0,Mid,-19835.77128269617,1277.5204004186146
45000.0,Mid,-19835.77107388628,1278.5204001208544
68000.0,Senior,3164.2288530680707,1275.7183349467573
58000.0,Entry,-6835.767387259204,1294.80616384125
45000.0,Senior,-19835.765635992117,1304.520428840961
141000.0,Senior,76164.23331412395,1289.4768148207618
55000.0,Senior,-9835.764392775833,1309.432548360405
100000.0,Senior,35164.23483479864,1301.0371176355143
228000.0,Senior,163164.2326691791,1277.3122899422515
115000.0,Senior,50164.2363868417,1306.9052792282112
76000.0,Senior,11164.23744588871,1316.0480091324546
68000.0,Senior,3164.2386660712405,1322.7183202663866
135000.0,Senior,70164.23803863037,1312.7295405531518
